system,target_snr_db,n,pesq_mean,pesq_sd,stoi_mean,stoi_sd,estoi_mean,estoi_sd,si_sdr_mean,si_sdr_sd,snr_ref_mean,snr_ref_sd
Noisy,-20,2620,1.1504739331835099,0.31299072761507596,0.4448626515831009,0.13729591345075814,0.19209631031834382,0.17555553041686464,-20.057762692113926,0.7675199372149356,-19.999999986774906,2.2394269714060442e-07
Noisy,-15,2620,1.1510412096977234,0.33120788502978304,0.5116604289866805,0.13916766058286534,0.2669243349497219,0.18307098932818022,-15.024073491805312,0.38695303378765833,-14.999999985335874,2.2158327718537669e-07
Noisy,-10,2620,1.1142131987418837,0.21088536886980858,0.5929988853471896,0.13167618227312752,0.3592006326761183,0.18055189082368686,-10.011290267392816,0.21228891708709954,-9.999999985791439,2.2052180051499435e-07
Noisy,-5,2620,1.113674197442659,0.16542159514656352,0.6824037319038222,0.11519565032850872,0.4645917687331754,0.1677750815965021,-5.005596084903349,0.11815078430929239,-4.999999995371727,2.2452406308280753e-07
Noisy,0,2620,1.166963427758399,0.1954731661353985,0.7697774648980834,0.09411390541555395,0.5758617031953364,0.1474765316067798,-0.0028375793050442032,0.06604042114180333,-1.875465125712887e-09,2.1992598442454448e-07
Noisy,5,2620,1.287298675256831,0.27003121229299026,0.8452663082355125,0.07355055591560276,0.6841635433482811,0.1236053615830843,4.998576759928518,0.03694493526999501,4.999999978457849,2.3327587263975368e-07
Noisy,10,2620,1.5082072612893491,0.36109231826506816,0.903243403582234,0.05590356369818394,0.7806899193802973,0.09977580782848405,9.999329222319032,0.02064642574821814,9.999999886562124,3.9062452691352053e-07
A0,-20,2620,1.106659708587268,0.20653680073623007,0.3494878103175604,0.17109782559257194,0.1553495825195931,0.16960190560783045,-22.69938580210324,7.286712239292364,-11.89955271256494,5.060952169979439
A0,-15,2620,1.092192823104276,0.16789416432063806,0.42783063968128066,0.18012670642474604,0.2272527808059357,0.18692881511888496,-15.324410002136412,7.586247444593475,-6.797363157640412,4.842580639068298
A0,-10,2620,1.1025109129552624,0.1594178666265164,0.5296328691512172,0.17772178123599416,0.32774736699999807,0.19369098841939278,-7.802344614118353,7.026690109526396,-2.2753856122411786,4.32288401371629
A0,-5,2620,1.1669155644096492,0.22315255862695435,0.6425215219243776,0.16288920665214832,0.4546385377697447,0.18302438202077947,-1.4367037721819442,6.280393434916991,1.770944312119871,3.860351285701558
A0,0,2620,1.3055798419559275,0.31351068125597,0.7460082352223604,0.14391794890142323,0.587613562084061,0.16599859631101407,3.628384949029181,5.631925743767157,5.447273885617964,3.6865977978911895
A0,5,2620,1.5349047310024728,0.4284605060176534,0.8246423340661361,0.12430633892964098,0.7009947122994807,0.14839426001535588,7.6918159860527195,5.3605827888422946,8.763117434548477,3.910302377850299
A0,10,2620,1.8364066955697445,0.5457603890249713,0.8779396211173253,0.10769822760139836,0.7850884854568069,0.13306120931807452,11.010110178051066,5.633657166480226,11.701722130883892,4.545543850327322
A1,-20,2620,1.1078414687673555,0.208450023429439,0.34534435451384043,0.16628323954568852,0.14722439923280756,0.16354064045541902,-23.339254258012534,8.413591317326366,-11.38060924864745,5.673185756379389
A1,-15,2620,1.0940752957613413,0.17793646479813685,0.4149724743924088,0.17827150779740591,0.213741851386803,0.18220755228986327,-15.820537959714036,8.434152806570605,-6.431598399765498,5.144538007350062
A1,-10,2620,1.1025315332048722,0.16448316890150805,0.5048086671065158,0.18242059433292723,0.3056672406964064,0.1928500458821517,-8.602938889745246,8.012209640854726,-2.127572293358852,4.463105190766602
A1,-5,2620,1.1547073788770283,0.21508709562804063,0.6067748412087254,0.17918120033516766,0.4234147292655309,0.19063164059235818,-2.463473788430289,7.286329576757012,1.6270644793651572,3.950730220093769
A1,0,2620,1.2715508799971516,0.29813224318594855,0.7050233919231023,0.16871515510496568,0.5507052635044616,0.180382877481485,2.483958177453215,6.583341803626352,4.980010873767167,3.8844864090579185
A1,5,2620,1.4658264348525127,0.4039459625730249,0.786067078995964,0.15378014317308036,0.6634224226508213,0.16715077199430703,6.400670527373351,6.274853820615429,7.954621282407048,4.236492836540634
A1,10,2620,1.724496824823263,0.5222433836645695,0.8449999998823267,0.1363767131225105,0.7512927572961101,0.15107579740823365,9.527667625580822,6.419681765017124,10.555778672602722,4.906144764792378
A2,-20,2620,1.101207208269425,0.18767787201782976,0.37038696260622517,0.18104123461769003,0.17536880316720987,0.18203758419972596,-22.104926812021564,7.3219254272130225,-11.956901764311963,4.962268683412996
A2,-15,2620,1.0971205967983217,0.1655936049480695,0.4611966389620335,0.19025128876929706,0.26339184514917535,0.19997566522039467,-14.31781457268249,7.233382645256877,-7.03227415379253,4.812176295801499
A2,-10,2620,1.123538777937416,0.18442895991111288,0.579868734276388,0.17915304834221368,0.38327278964694617,0.19976212436923013,-6.401551676713985,6.597396575761172,-2.142985817633919,4.599048178322231
A2,-5,2620,1.2224393195323362,0.27080754177229216,0.7030791350482901,0.15142411879616685,0.526521604881632,0.17792001898397092,0.3763367304458751,5.687570480533381,2.502195576502624,4.275855315683055
A2,0,2620,1.4237209095299699,0.38004241591355464,0.8050975378380005,0.12010857994776387,0.6628474192333714,0.147596703007784,5.7902541669740195,4.934997478720551,6.80948152098418,3.9967230265498213
A2,5,2620,1.7247541901719479,0.48143125082379923,0.8753763079183465,0.09478273556692746,0.7684830698221659,0.1211723944244594,10.188816309306647,4.490711241637408,10.704737257256257,3.824269767125036
A2,10,2620,2.090969113766692,0.5662088231190029,0.9197144023367768,0.07655845823183088,0.8420046439503248,0.10096690122519748,13.87480969507963,4.432967478887177,14.163160699887174,3.9159566328320228
A3,-20,2620,1.125678292940591,0.24669254393013793,0.3292706847340081,0.15883567836454723,0.13488864404658515,0.14449178867345142,-24.24232801181669,7.762717411910068,-12.346196831014947,5.1048438500238875
A3,-15,2620,1.0988414546005598,0.16411751991184115,0.3976846270236202,0.1750528151210398,0.20242582128203496,0.1652785376728565,-16.899025257687764,8.31791999770409,-7.135125177308954,4.9391627345083196
A3,-10,2620,1.093760076369948,0.1311451666312448,0.49710627783343186,0.18009004922769498,0.2995009632490388,0.18034879814618068,-8.94803460067237,8.143500692756438,-2.4811450896319815,4.4406216931871825
A3,-5,2620,1.1478436049614245,0.17362454547810913,0.6168496379725034,0.17034054240511515,0.4284149779712431,0.18070298783263972,-1.8009701923500265,7.308916587510341,1.8249310136492838,4.044001279575533
A3,0,2620,1.2874343017130407,0.281914416254357,0.7228125141060543,0.15960756006181837,0.5607072036429835,0.17747393104950104,3.665875252571516,6.707177521175058,5.756098714062358,3.973681483553282
A3,5,2620,1.5163036598504045,0.41919893135138947,0.7977158415574817,0.15201632231885684,0.6661094448047884,0.17846649288571292,7.949363915727497,6.421365260212105,9.236156080134055,4.323579321391206
A3,10,2620,1.8024494267602003,0.5577800169824457,0.8444692102481964,0.1469062112939936,0.7396374355385307,0.1792987842916085,11.312329561388648,6.719454892717861,12.188852527346372,5.122695212432588
A4,-20,2620,1.1231427523926014,0.24519995003294187,0.3407795090288106,0.16725849223567107,0.14118834660381488,0.1554584796383448,-23.153008822045997,8.784203038038793,-11.039109243846532,5.405377548693828
A4,-15,2620,1.0977863438256825,0.19705448585452986,0.4137498057934395,0.18010987736386838,0.20986701399497906,0.17384157494492222,-15.650235604158352,8.593338692380362,-6.678448147781305,4.933847612091436
A4,-10,2620,1.0991437473824917,0.15855630977376658,0.5151248522187755,0.18224445523331684,0.30900033494984736,0.18295720563700663,-8.122083023535165,8.104626454985269,-2.409224576535097,4.473083378166772
A4,-5,2620,1.1536929307548145,0.18268550708495745,0.6260837319137421,0.18228509612268726,0.4326727750172376,0.18614749855500756,-1.6300586889395492,7.741430383486712,1.8666515934430743,4.1394691714043645
A4,0,2620,1.289009315776461,0.28296583538783554,0.7136644979099375,0.19016424090801778,0.5499329367944087,0.19899989153476266,3.3291951947300182,7.828513864141512,5.760643345348696,4.136663773102919
A4,5,2620,1.4979071247668667,0.41444166302000424,0.7698322278902526,0.2015616048429999,0.636758258783621,0.21973484565605741,7.085920704735177,8.147234675959368,8.9924229476875,4.704417672167956
A4,10,2620,1.744088940857021,0.5695965151319654,0.7995266237322834,0.21129736547864233,0.6900113037702521,0.2399423803342278,9.716982662834207,8.7655642256146,11.356931870284686,5.736263245841965
A5,-20,2620,1.1270907889340671,0.24030178425330162,0.33583302255030334,0.1658892549469655,0.13717729949273164,0.15393278699083457,-24.156112215460766,7.511704665327664,-12.717727180639875,4.852444057083333
A5,-15,2620,1.1033675968192005,0.18203570071225508,0.40813227200351887,0.1789451906930211,0.2053285585417609,0.17284595676931638,-16.70120925411853,8.084596280389782,-7.405175803663421,4.7899940885590855
A5,-10,2620,1.099588246017922,0.1507708955184723,0.5076848269070123,0.18168528035917586,0.3017203313102447,0.1839660639341636,-8.875638798597736,7.82651659618044,-2.643552610512262,4.381788493474311
A5,-5,2620,1.155433223948224,0.19142530168229005,0.6217187360527734,0.17468689874989304,0.42896608399477243,0.18331406962126104,-1.8556225079171653,6.973032439245165,1.698062743212191,4.012568098653991
A5,0,2620,1.2885403400159063,0.2823899645306704,0.7249595799575315,0.16318787519916875,0.5629854376024257,0.1764571120429231,3.56718643282987,6.352250902830457,5.5853330407169235,3.921413208540649
A5,5,2620,1.5286628623955123,0.4203262076448643,0.8042507925146637,0.1519552523325081,0.6784661550506974,0.16978674176319225,7.829590985848571,6.137295779837181,9.055543976495375,4.227983709273497
A5,10,2620,1.849741488467646,0.562044002617793,0.8596758220733973,0.13873779672084152,0.7651113286717057,0.15993577157107813,11.259865375627887,6.3600753068750455,12.075045856088003,4.8954738383600604
