regime,comparison,metric,n,left_mean,right_mean,mean_difference_right_minus_left,bootstrap_95ci_low,bootstrap_95ci_high,pct_right_better,wilcoxon_p_raw,wilcoxon_p_holm
all_snrs,A2_minus_A0,pesq,18340,1.3064528967978,1.3976785880008726,0.09122569120307265,0.08790278797565006,0.09443008853360246,73.56597600872409,0.0,0.0
all_snrs,A2_minus_A0,stoi,18340,0.6282947187828939,0.6735313884265802,0.045236669643686146,0.04431783463084109,0.04617480536134457,82.23555070883314,0.0,0.0
all_snrs,A2_minus_A0,estoi,18340,0.4626692897050885,0.5174128822644036,0.054743592559315025,0.05370689358161127,0.05575864587027735,82.97164667393675,0.0,0.0
all_snrs,A2_minus_A0,si_sdr,18340,-3.561790439629569,-1.79915373708741,1.7626367025421592,1.7095930177533987,1.8152492112113767,73.41875681570338,0.0,0.0
all_snrs,A2_minus_A0,snr_ref,18340,0.9586794686748106,1.8639161884131172,0.9052367197383068,0.8682495478279103,0.9420050491267156,68.81679389312977,0.0,0.0
all_snrs,A3_minus_A2,pesq,18340,1.3976785880008726,1.2960444024565956,-0.1016341855442771,-0.10542472657421553,-0.09777120624156009,27.32279171210469,0.0,0.0
all_snrs,A3_minus_A2,stoi,18340,0.6735313884265802,0.6008441133536138,-0.07268727507296636,-0.07395057636291824,-0.07141345013713274,12.137404580152673,0.0,0.0
all_snrs,A3_minus_A2,estoi,18340,0.5174128822644036,0.43309778436217206,-0.08431509790223154,-0.08578404755013545,-0.08285608461116734,12.802617230098146,0.0,0.0
all_snrs,A3_minus_A2,si_sdr,18340,-1.79915373708741,-4.1375413332627415,-2.338387596175332,-2.403278213318183,-2.2744006124192384,26.712104689203926,0.0,0.0
all_snrs,A3_minus_A2,snr_ref,18340,1.8639161884131172,1.0062244624623125,-0.8576917259508049,-0.9010380569472294,-0.8154976479965185,36.17775354416576,0.0,0.0
all_snrs,A5_minus_A4,pesq,18340,1.2863958793937056,1.3074892209426396,0.021093341548934236,0.017980118372773135,0.02419567109616788,52.219193020719736,1.2640841749442187e-23,3.792252524832656e-23
all_snrs,A5_minus_A4,stoi,18340,0.5969658926410344,0.6088935788656,0.01192768622456556,0.010622100814846679,0.013243971619700336,46.54852780806979,0.0016320990403041649,0.0032641980806083297
all_snrs,A5_minus_A4,estoi,18340,0.4242044242734515,0.4399650278091912,0.015760603535739676,0.014232196692276959,0.01732253833579084,46.74482006543075,0.02464509800038216,0.02464509800038216
all_snrs,A5_minus_A4,si_sdr,18340,-4.060469653768523,-4.133134283112553,-0.07266462934402967,-0.13492964650648523,-0.010992466806505296,42.57906215921483,1.741896089530994e-51,6.967584358123976e-51
all_snrs,A5_minus_A4,snr_ref,18340,1.1214096840858603,0.8067900030995626,-0.31461968098629783,-0.3497727805730328,-0.2790486163869928,40.57251908396947,2.4920461797473333e-140,1.2460230898736666e-139
