system,target_snr_db,n,estimated_snr_mean,reference_snr_mean,mae_db,rmse_db,bias_db
A3,-20,2620,-0.495466047210883,-19.999999998948365,19.504533951737486,20.074001556420345,19.504533951737486
A3,-15,2620,-0.7853510424724104,-14.999999997243451,14.214648954771041,15.039382860213351,14.214648954771041
A3,-10,2620,-0.4042135670996651,-9.99999999685822,9.595786429758553,10.744095558321078,9.595786429758553
A3,-5,2620,1.0620902383623407,-5.000000003779681,6.101975339735473,7.450236211972316,6.0620902421420215
A3,0,2620,3.708064499907107,-1.8754650811771855e-09,4.056184726101453,5.084411894764308,3.7080645017825726
A3,5,2620,6.45763898381388,5.00000000504613,2.5589642085680686,3.3288602623201395,1.4576389787677508
A3,10,2620,8.722240216498673,9.999999997229917,2.6660404797650825,3.4208074917148235,-1.2777597807312437
A4,-20,2620,-0.043999993017404884,-19.999999998948365,19.95600000593096,20.49216586180625,19.95600000593096
A4,-15,2620,0.4475400537174958,-14.999999997243451,15.447540050960948,16.21726191834679,15.447540050960948
A4,-10,2620,1.4023446744378163,-9.99999999685822,11.402344671296035,12.510278508122411,11.402344671296035
A4,-5,2620,3.344629926158539,-5.000000003779681,8.344629929938218,9.653745756024799,8.344629929938218
A4,0,2620,6.277165759804842,-1.8754650811771855e-09,6.314004296863491,7.347722024794837,6.2771657616803065
A4,5,2620,9.067975568700842,5.00000000504613,4.144167365302102,4.751560980727093,4.067975563654711
A4,10,2620,11.072361794073709,9.999999997229917,1.5120961604357301,1.865531699629749,1.0723617968437908
A5,-20,2620,0.4249725608858185,-19.999999998948365,20.424972559834185,20.95021471261149,20.424972559834185
A5,-15,2620,0.5269438382052775,-14.999999997243451,15.526943835448728,16.324625441766933,15.526943835448728
A5,-10,2620,1.0887335150075554,-9.99999999685822,11.088733511865776,12.255429937833926,11.088733511865776
A5,-5,2620,2.563668417779216,-5.000000003779681,7.565294171814394,9.007817195845435,7.563668421558895
A5,0,2620,5.113597443644891,-1.8754650811771855e-09,5.2999705809586,6.468516115787942,5.113597445520356
A5,5,2620,8.027149064915912,5.00000000504613,3.38832778704641,4.009357542181464,3.027149059869784
A5,10,2620,10.272654467809133,9.999999997229917,1.2915095959284553,1.6157039398688147,0.272654470579215
